opcion_id,partida_id,proveedor,producto,precio_unit_mxn,estado_precio,fecha_precio,tienda_fisica,sucursal_o_zona,distancia_desde_coyoacan,enlace,recomendacion,notas,plataforma,bloque_envio
OPC-001,F0-001,Home Depot,Husky 5 niveles ZROP361872,2019,verificado,2026-09-18,si,"Home Depot Copilco, Eje 10 #546, Coyoacan",5 km,https://www.homedepot.com.mx/p/husky-estante-de-5-niveles-de-acero-183-x-914-x-457-cm-negro-zrop361872-5llb-150281,default,Se compra en mostrador el mismo dia; checa existencia por sucursal antes de manejar,,
OPC-002,F0-001,Mercado Libre,Adir 5 niveles,1300,aprox,2026-09-18,no,solo en linea,,https://listado.mercadolibre.com.mx/rack-metalico-5-niveles,alternativa_austera,Menos rigido; suficiente para Fase 0. Ahorra $719,online,presencial
OPC-003,F0-002,Al Natural,Charola germinacion 10x20 con drenaje,60,aprox,2026-09-18,si,"Al Natural, Torres Adalid 1957, Narvarte, Benito Juarez",9 km,https://www.alnatural.com.mx/tienda/charolas-de-germinacion-venta-mayoreo,default,"Cotizar mayoreo por WhatsApp. CONFIRMAR MEDIDA: si es 52x23 cm y no 25.4x50.8, baja la densidad de siembra 6%",,
OPC-004,F0-003,Al Natural,Charola germinacion 10x20 sin drenaje,60,aprox,2026-09-18,si,"Al Natural, Torres Adalid 1957, Narvarte, Benito Juarez",9 km,https://www.alnatural.com.mx/tienda/charolas-de-germinacion-venta-mayoreo,default,Mismo pedido que las perforadas,,
OPC-005,F0-004,Mayoreo Online (CEDA) + Al Natural,1 kg girasol CEDA $34 + 1 kg girasol microgreens $185,219,verificado,2026-09-18,si,"Central de Abasto, bodega A-91, Iztapalapa / Al Natural, Torres Adalid 1957, Narvarte, Benito Juarez",18 km / 9 km,https://mayoreo.online/products/semilla-de-girasol-con-cascara-jumbo,default,"El de CEDA se consigue presencial en Central de Abasto; el especifico en Al Natural, Narvarte",,
OPC-006,F0-005,Hydro Environment,Chicharo var. Early Perfection granel,340,verificado,2026-09-18,si,"Hydro Environment, Av. Toltecas 41, Tlalnepantla",38 km,https://hydroenv.com.mx/producto/gramo-de-semilla-de-chicharo-variedad-early-perfection/,descartada,Precio prohibitivo para microgreens,,
OPC-007,F0-005,Semillas Casa Cobo / El Chino,Arvejon grado alimento a granel,50,aprox,2026-09-18,si,"Central de Abasto, bodega A-91, Iztapalapa",18 km,,alternativa,POR CONFIRMAR EN PISO: preguntar por arvejon sin tratamiento quimico. Es lo que hace viable al chicharo,,
OPC-008,F0-006,Hydro Environment,Semilla rabano var. Champion granel,1.6,verificado,2026-09-18,si,"Hydro Environment, Av. Toltecas 41, Tlalnepantla",38 km,https://hydroenv.com.mx/producto/gramo-de-semilla-de-rabano-var-champion/,default,Escalon 453+ g,,
OPC-009,F0-007,Hydro Environment,Semilla betabel var. Early Wonder granel,1.6,verificado,2026-09-18,si,"Hydro Environment, Av. Toltecas 41, Tlalnepantla",38 km,https://hydroenv.com.mx/producto/gramo-de-semilla-de-betabel-o-remolacha-variedad-early-wonder/,default,Escalon 453+ g,,
OPC-010,F0-008,Hydrocultura,Semilla brocoli microgreens,201,verificado,2026-09-18,no,"Av. Toluca 1075, Alvaro Obregon (bodega, recoleccion concertada)",12 km,https://hydrocultura.com/collections/semillas-para-microgreens-o-microvegetales,default,Tel 55 9435-6905. No es mostrador de paso: hay que concertar,tienda_propia,hydrocultura
OPC-011,F0-008,Semillas Casa Cobo / El Chino,Brocoli a granel,0,aprox,2026-09-18,si,"Central de Abasto, bodega A-91, Iztapalapa / Mercado de Cuemanco / El Chino, Xochimilco",18 km / 14 km,,alternativa,PRESENCIAL y probablemente mas barato. Pedir grado alimento sin tratamiento; precio por confirmar en piso,,
OPC-012,F0-009,Semillas Organicas ISLA,Sobres microgreens variados,100,aprox,2026-09-18,si,"Ignacio Allende 21, Miguel Hidalgo",16 km,https://semillasisla.mx/collections/microgreens,default,Tienda fisica; confirmar horario por telefono,,
OPC-013,F0-010,Hydro Environment,Polvillo de coco germinacion 50 L,115,verificado,2026-09-18,si,"Hydro Environment, Av. Toltecas 41, Tlalnepantla",38 km,https://hydroenv.com.mx/producto/polvillo-de-coco-para-germinacion-50-l-sustrato-organico/,default,,,
OPC-014,F0-010,Al Natural,Sustrato de coco,0,aprox,2026-09-18,si,"Al Natural, Torres Adalid 1957, Narvarte, Benito Juarez",9 km,,alternativa,"MUCHO mas cerca. Precio por confirmar en piso; si es competitivo, evita el viaje a Tlalnepantla",,
OPC-015,F0-011,Steren / super,Bascula digital de cocina 1 g,120,aprox,2026-09-18,si,"Steren Miguel Angel de Quevedo, Asia 47, Coyoacan",3 km,,default,,,
OPC-016,F0-012,Steren,Bascula de precision 0.1 g,180,aprox,2026-09-18,si,"Steren Miguel Angel de Quevedo, Asia 47, Coyoacan",3 km,,default,,,
OPC-017,F0-013,Supermercado / Costco Coapa,Tijera recta inox de cocina,90,aprox,2026-09-18,si,"Costco Coapa, Tlalpan",7 km,,default,,,
OPC-018,F0-014,Home Depot,Atomizador 1 L,80,aprox,2026-09-18,si,"Home Depot Copilco, Eje 10 #546, Coyoacan",5 km,https://www.homedepot.com.mx/s/atomizador,default,,,
OPC-019,F0-015,Home Depot,Forte nitrilo caja 100,369,verificado,2026-09-18,si,"Home Depot Copilco, Eje 10 #546, Coyoacan",5 km,https://www.homedepot.com.mx/p/forte-caja-de-100-guantes-medianos-de-nitrilo-desechables-para-uso-rudo-93252-206899,alternativa,Presencial pero $119 mas caro,,
OPC-020,F0-015,Farmacia / Mercado Libre,Caja 100 nitrilo,250,aprox,2026-09-18,si,Farmacias de Coyoacan,2 km,,default,Las farmacias grandes del rumbo las manejan,,
OPC-021,F0-016,Mercado Libre,H2O2 35% grado alimenticio 1 L,200,aprox,2026-09-18,no,solo en linea,,https://listado.mercadolibre.com.mx/peroxido-de-hidrogeno-35%25-grado-alimenticio-oxigeno-liquido,default,NO se encontro mostrador verificado en CDMX con certificado de grado alimenticio,online,presencial
OPC-022,F0-016,Alquimia Mexicana,Peroxido de hidrogeno,0,aprox,2026-09-18,si,"Cerrada de Colima 2, Roma Norte, Cuauhtemoc",8 km,,alternativa,POR CONFIRMAR por telefono: preguntar explicitamente por grado alimenticio y certificado,,
OPC-023,F0-017,Farmacia,Agua oxigenada 3%,30,aprox,2026-09-18,si,"Farmacias del Ahorro/Guadalajara, Coyoacan",2 km,,default,,,
OPC-024,F0-018,Tienda de albercas / Mercado Libre,Hipoclorito de calcio 65% 1 kg,250,aprox,2026-09-18,no,solo en linea,,https://listado.mercadolibre.com.mx/hipoclorito-de-calcio,default,"CUIDADO: el cloro granulado de alberca suele traer estabilizante (acido cianurico), que NO sirve para alimentos. Pedir hipoclorito de calcio sin estabilizar",online,presencial
OPC-025,F0-018,Supermercado,Hipoclorito de sodio 5-6% sin perfume ni detergente,40,aprox,2026-09-18,si,Cualquier super de Coyoacan,2 km,,alternativa,Sustituto presencial: se dosifica para la misma ppm de cloro libre. Verificar en la etiqueta que no traiga detergente,,
OPC-026,F0-019,Mercado Libre,Clamshell PET 8 oz,3.5,aprox,2026-09-18,no,solo en linea,,https://listado.mercadolibre.com.mx/clamshell,default,,online,presencial
OPC-027,F0-019,BurbuMoldes,Clamshell termoformado a medida,0,aprox,2026-09-18,si,"Reno 45, Granjas Cabrera, Tlahuac",16 km,https://burbumoldes-blister.com/empaques-blister-clamshells.html,alternativa,Fabricante: precio por millar. Vale la pena cuando el volumen lo justifique,,
OPC-028,F0-020,Dushi Imprenta,Etiquetas adhesivas tiraje chico,2.0,aprox,2026-09-18,si,"Jose Maria Bustillos 19-A, Algarin, Cuauhtemoc",10 km,https://www.imprentacdmx.com/servicios-de-impresion/impresion-de-etiquetas-adhesivas/,default,Precio unitario estimado sobre un tiraje de 300; pedir cotizacion por tiraje,,
OPC-029,F0-021,Steren / super,Termometro de cocina digital,150,aprox,2026-09-18,si,"Steren Miguel Angel de Quevedo, Asia 47, Coyoacan",3 km,,default,,,
OPC-030,F0-022,Amazon MX,Microgreens: The Insiders Secrets,396.6,verificado,2026-09-18,no,solo en linea,,https://www.amazon.com.mx/Microgreens-Insiders-Building-Successful-Microgreen/dp/191366600X,default,,online,presencial
OPC-031,F0-023,El Pendulo,El jardinero horticultor,488,verificado,2026-09-18,si,"El Pendulo, 8 sucursales CDMX (una en Coyoacan)",2 km,https://pendulo.com/libro/jardinero-horticultor-el_393665,default,,,
OPC-101,F1-001,Sodimac,PTR 1 1/2 x 1 1/2 cal 14,382.85,verificado,2026-09-18,si,"Sodimac Gran Sur, Periferico Sur 5550, Coyoacan",6 km,https://www.sodimac.com.mx/sodimac-mx/product/433713/ptr-1-1-2x1-1-2-calibre-14/433713,default,Precio de 5+ piezas. $403 por pieza suelta,,
OPC-102,F1-001,Perfiles Pacifico,PTR 1 1/2 cal 14,0,aprox,2026-09-18,si,"Av. Pacifico 301, La Candelaria, Coyoacan",3 km,,alternativa,EN COYOACAN. Acerera de barrio: pedir cotizacion por volumen y de paso pedir referencias de herrero,,
OPC-103,F1-001,Aceros Mixcoac,PTR 1 1/2 cal 14,0,aprox,2026-09-18,si,"Tiziano 68, Alfonso XIII, Alvaro Obregon",8 km,,alternativa,Tambien cortan a medida,,
OPC-104,F1-002,Sodimac / Perfiles Pacifico,PTR 1 pulg,275,aprox,2026-09-18,si,"Sodimac Gran Sur, Periferico Sur 5550, Coyoacan / Perfiles Pacifico, Coyoacan",6 km / 3 km,https://www.sodimac.com.mx/sodimac-mx/category/cat11448/PTR,default,,,
OPC-105,F1-003,Herrero local,Soldadura + primario + tornilleria,2000,aprox,2026-09-18,si,Pedir referencias en el mostrador de Perfiles Pacifico o Aceros Mixcoac,3 km,,default,Cobran $200-400 por dia. Las acereras conocen a los herreros del rumbo: es la via presencial para conseguirlo,,
OPC-106,F1-004,Home Depot / tlapaleria,Placa de solera + anclas de cuna 3/8 x 5,180,aprox,2026-09-18,si,"Home Depot Coapa del Hueso, Calz. del Hueso 670, Coyoacan / Ferreteria Copilco, Av. A. Delfin Madrigal 137",4 km / 5 km,https://www.homedepot.com.mx/s/taquete,default,Las placas las suelda el herrero a partir de solera 3/16,,
OPC-107,F1-005,Hydro Environment,Plastico invernadero 25% sombra 6.2 m cal 720 (por metro),215,verificado,2026-09-18,si,"Hydro Environment, Av. Toltecas 41, Tlalnepantla",38 km,https://hydroenv.com.mx/producto/metro-de-plastico-para-invernadero-25-sombra-6-2-m-de-ancho-cal-720/,default,UNICO mostrador verificado que lo corta por metro. Ningun proveedor del sur lo maneja: es viaje obligado,,
OPC-108,F1-005,invernaderosMX,Corte 7.2x10 m,137.5,aprox,2026-09-18,no,solo en linea,,https://www.invernaderosmx.com/collections/plastico-5-transparente,alternativa_austera,"$1,100 el corte completo, casi la mitad. CONFIRMAR espesor y garantia UV antes de pedir",online,presencial
OPC-109,F1-006,Capi Agricola,Malla antigranizo negra 3.70 m (por metro),40,verificado,2026-09-18,no,"Texcoco, Edo. Mex. (60 km, direccion contraria)",60 km,https://www.capiagricola.com.mx/product/malla-antigranizo-negra-3-70-m-x-metro/,default,Esta lejos y en direccion contraria: conviene pedir envio,tienda_propia,presencial
OPC-110,F1-006,Hydro Environment,Malla antigranizo,0,aprox,2026-09-18,si,"Hydro Environment, Av. Toltecas 41, Tlalnepantla",38 km,,alternativa,"PREGUNTAR EN EL MISMO VIAJE del plastico. Si la tiene, ahorras el pedido a Texcoco. Precio por confirmar",,
OPC-111,F1-007,Hydro Environment,Perfil sujetador zigzag + resorte + cinta,1100,aprox,2026-09-18,si,"Hydro Environment, Av. Toltecas 41, Tlalnepantla",38 km,https://hydroenv.com.mx/plastico-para-invernadero-y-campo/,default,Material de agricultura protegida: no lo hay en ferreteria. Mismo viaje que el plastico,,
OPC-112,F1-007,Ferreteria Copilco + herrero,Solera u omega galvanizada + pijas con rondana de neopreno,0,aprox,2026-09-18,si,"Ferreteria Copilco, Coyoacan",5 km,,alternativa,Sustituto de ferreteria si quieres evitar el viaje: el herrero fabrica la sujecion. Menos practico de destensar,,
OPC-113,F1-008,Home Depot,Husky 5 niveles ZROP361872,2019,verificado,2026-09-18,si,"Home Depot Copilco, Eje 10 #546, Coyoacan",5 km,https://www.homedepot.com.mx/p/husky-estante-de-5-niveles-de-acero-183-x-914-x-457-cm-negro-zrop361872-5llb-150281,default,Checa existencia por sucursal: 3 racks no siempre estan en piso,,
OPC-114,F1-009,Home Depot,Rotoplas Resistec 750 L,2051,verificado,2026-09-18,si,"Home Depot Coapa del Hueso, Calz. del Hueso 670, Coyoacan",4 km,https://rotoplas.com.mx/products/almacenamiento/tinacos/,default,En piso en Home Depot y Sodimac. Cabe en auto? Mide antes: 750 L son ~1.2 m de diametro,,
OPC-115,F1-009,Home Depot / Sodimac,"Rotoplas Plus+ 1,100 L",3774,verificado,2026-09-18,si,"Home Depot Coapa del Hueso, Calz. del Hueso 670, Coyoacan / Sodimac Gran Sur, Periferico Sur 5550, Coyoacan",4 km / 6 km,,alternativa,"Para tandeo duro. +$1,723",,
OPC-116,F1-010,Tlapaleria + manual gratuito,Tlaloque casero de PVC 4 pulg + filtro de hojas + canaleta,1500,aprox,2026-09-18,si,Ferreteria Copilco / Home Depot Coyoacan,5 km,https://www.engineeringforchange.org/wp-content/uploads/2020/07/MANUAL-INSTALACI%C3%93N-KIT-TL%C3%81LOC-12-JUNIO-2019CH.pdf,default,Manual de instalacion oficial y gratuito de Isla Urbana,,
OPC-117,F1-010,Isla Urbana,Paquete Basico Tlaloc (tlaloque + filtro de hojas + axolote),5300,aprox,2026-09-18,si,"Isla Urbana, Callejon de Colima 23, Coyoacan",2 km,https://islaurbana.mx/product/paquete-basico-tlaloc/,alternativa,"EN COYOACAN, a 2 km. OJO: el agente de proveedores NO encontro ningun producto llamado ""Paquete Basico Tlaloc"" en el catalogo de Isla Urbana; los kits reales se llaman Tlaloc Urbano / Chaac Rural / Capta la Lluvia. El precio de $5,300 NO esta verificado contra un producto real: confirmalo en la tienda antes de presupuestarlo",,
OPC-118,F1-010,SEDEMA,Programa Cosecha de Lluvia,0,verificado,2026-09-18,no,"Tramite en linea, convocatoria enero-febrero",,https://www.sedema.cdmx.gob.mx/programas/programa/cosecha-de-lluvia,alternativa,GRATIS si tu alcaldia califica. Sistema de ~$20k sin costo. programascall@sedema.cdmx.gob.mx,online,presencial
OPC-119,F1-011,UNIT Electronics,ESP32 DevKit V1 30 pines USB-C,130,aprox,2026-09-18,si,"UNIT Electronics Copilco, Av. Copilco 357, Coyoacan",3 km,https://uelectronics.com/producto/esp32-devkit-v1-30-pines-usb-c-microusb/,default,"EN COYOACAN, mostrador. Lunes a viernes 8-17, NO abre sabado",,
OPC-120,F1-012,Mercado Libre,Modulo SHT31-D,300,aprox,2026-09-18,no,solo en linea,,https://articulo.mercadolibre.com.mx/MLM-2050379399-modulo-de-sensor-de-humedad-sht31-temperatura-sht31-d-microc-_JM,alternativa,Lo que traia el BOM original,online,presencial
OPC-121,F1-012,UNIT Electronics,GY-SHT41 / SHT40-AD1B-R2,91,verificado,2026-09-18,si,"UNIT Electronics Copilco, Av. Copilco 357, Coyoacan",3 km,https://uelectronics.com,default,"MEJOR Y MAS BARATO QUE EL SHT31: mismo fabricante (Sensirion), generacion mas nueva, $91 contra $300, y en mostrador en Coyoacan. En ESPHome se usa la plataforma sht4x",,
OPC-122,F1-013,UNIT Electronics,DS18B20 acero inoxidable sumergible,35,aprox,2026-09-18,si,"UNIT Electronics Copilco, Av. Copilco 357, Coyoacan",3 km,https://uelectronics.com/producto/ds18b20-sensor-de-temperatura-digital-de-acero-inoxidable-sumergible/,default,,,
OPC-123,F1-014,Amazon MX,Pack x10 capacitivo anticorrosivo,30,aprox,2026-09-18,no,solo en linea,,https://www.amazon.com.mx/GalaxyElec-capacitivo-resistente-corrosi%C3%B3n-anal%C3%B3gico/dp/B082HV1JMG,alternativa,$300 el pack de 10,online,presencial
OPC-124,F1-014,UNIT Electronics,Sensor de humedad de suelo capacitivo anticorrosivo,26,verificado,2026-09-18,si,"UNIT Electronics Copilco, Av. Copilco 357, Coyoacan",3 km,https://uelectronics.com,default,$26 por pieza en mostrador en Coyoacan: mas barato por unidad que el pack de Amazon y puedes ver la calidad antes de pagar,,
OPC-125,F1-015,UNIT Electronics,Modulo relevador 5V 4 canales,110,aprox,2026-09-18,si,"UNIT Electronics Copilco, Av. Copilco 357, Coyoacan",3 km,https://uelectronics.com/producto/relevador-5v-de-1-a-8-canales/,default,,,
OPC-126,F1-016,Steren,Eliminador regulado 12 VCC 5 A ELI-1260,399,verificado,2026-09-18,si,"Steren Miguel Angel de Quevedo, Asia 47, Coyoacan",3 km,https://www.steren.com.mx/eliminador-regulado-de-12-vcc-5-a.html,default,Garantia nacional y sucursal fisica a 3 km. Abre hasta tarde y domingos,,
OPC-127,F1-016,UNIT Electronics,Mean Well XLG-75-12-A IP67,0,aprox,2026-09-18,si,"UNIT Electronics Copilco, Av. Copilco 357, Coyoacan",3 km,https://uelectronics.com/producto/xlg-75-12-a-fuente-conmutada-12v-5a-ip67-mean-well/,alternativa,Para intemperie sin gabinete. Precio por confirmar,,
OPC-128,F1-017,Mercado Libre,Bomba de diafragma 12 V con presostato,350,aprox,2026-09-18,no,solo en linea,,https://listado.mercadolibre.com.mx/bomba-de-agua-diafragma-12v,default,"Producto de nicho (casas rodantes, nautica): no hay mostrador en el sur",online,presencial
OPC-129,F1-017,Hydro Environment,Bomba de diafragma para riego,0,aprox,2026-09-18,si,"Hydro Environment, Av. Toltecas 41, Tlalnepantla",38 km,,alternativa,"UNICO mostrador realista. Llamar antes con el dato de caudal y presion, y aprovechar el viaje del plastico",,
OPC-130,F1-018,Mercado Libre / Hydro Environment,Kit nebulizadores de riego,250,aprox,2026-09-18,si,"Hydro Environment, Av. Toltecas 41, Tlalnepantla",38 km,https://listado.mercadolibre.com.mx/nebulizadores-de-riego,default,,,
OPC-131,F1-019,UNIT Electronics,JSN-SR04T ultrasonico contra agua,150,aprox,2026-09-18,si,"UNIT Electronics Copilco, Av. Copilco 357, Coyoacan",3 km,https://uelectronics.com/producto/sensor-ultrasonico-jns-sr04t/,default,,,
OPC-132,F1-020,Mercado Libre,Mini PC Lenovo ThinkCentre usada i5/8GB/SSD,3000,aprox,2026-09-18,no,solo en linea / bazares de computo,,https://listado.mercadolibre.com.mx/mini-pc-lenovo-thinkcentre,default,Por definicion es equipo usado: no hay mostrador,online,presencial
OPC-133,F1-020,AG Electronica,Raspberry Pi 5 4GB,3069,verificado,2026-09-18,si,"AG Electronica, Rep. de El Salvador 20-F, Centro",11 km,https://agelectronica.com,alternativa,PRESENCIAL con garantia y asesoria: AG es distribuidor oficial de Raspberry Pi en Mexico. Es la alternativa presencial al mini PC usado,,
OPC-134,F1-021,Steren,No-break 500-700 VA,900,aprox,2026-09-18,si,"Steren Miguel Angel de Quevedo, Asia 47, Coyoacan",3 km,,default,Steren Miguel Angel de Quevedo abre hasta las 20:30 y domingos,,
OPC-135,F1-021,Cyberpuerta,DataShield DS-600,1189,verificado,2026-09-18,no,solo en linea,,https://www.cyberpuerta.mx,alternativa,"Si lo compras desde Fase 1, el delta real es +$289, no +$1,189",online,cyberpuerta
OPC-136,F1-022,Home Depot / AG Electronica,Gabinete plastico exterior IP65,350,aprox,2026-09-18,si,"Home Depot Coapa del Hueso, Calz. del Hueso 670, Coyoacan / AG Electronica, Rep. de El Salvador 20-F, Centro",4 km / 11 km,https://listado.mercadolibre.com.mx/gabinete-plastico-exterior-ip65,default,POR VERIFICAR EN PISO: confirmar el grado IP65 exacto en la etiqueta. Buscar en el pasillo de electrico de Home Depot y en el mostrador de AG,,
OPC-137,F1-023,AG Electronica,"Cable, borneras, fusibles, termofit",1000,aprox,2026-09-18,si,"AG Electronica, Rep. de El Salvador 20-F, Centro",11 km,https://agelectronica.com,default,Mostrador con ingenieros. Es el plan B del mismo dia cuando algo truena en viernes,,
OPC-138,F1-023,Master Electronicos,"Mismo surtido, menudeo",0,aprox,2026-09-18,si,"Rep. del Salvador 9-D, Centro",11 km,,alternativa,A media cuadra de AG y de UNIT Centro: se hacen las tres en una sola parada,,
OPC-139,F1-024,JWJ Light,Tubo LED T8 18W 120 cm,121,verificado,2026-09-18,no,solo en linea,,https://jwjlight.mx/producto/tubo-led-t8-18w-120-cm/,default,,online,presencial
OPC-140,F1-024,Home Depot,Tubo LED T8 18W 6500K,0,aprox,2026-09-18,si,"Home Depot Copilco, Eje 10 #546, Coyoacan",5 km,,alternativa,"En piso, junto con las canaletas del mismo pasillo. Precio por confirmar",,
OPC-141,F1-025,Home Depot / Ferreteria Copilco,Canaleta para T8 + cable,400,aprox,2026-09-18,si,"Home Depot Copilco, Eje 10 #546, Coyoacan",5 km,,default,Mismo pasillo que los tubos,,
OPC-142,F1-026,Mercado Libre,Tapete termico de germinacion,380,aprox,2026-09-18,no,solo en linea,,https://listado.mercadolibre.com.mx/tapete-termico-germinacion,default,No se confirmo existencia en piso en ningun mostrador,online,presencial
OPC-143,F1-027,Hydro Environment,Malla sombra 35% 3.7 m (por metro),129,verificado,2026-09-18,si,"Hydro Environment, Av. Toltecas 41, Tlalnepantla",38 km,https://hydroenv.com.mx/producto/malla-sombra-por-metro-al-35-de-3-7-m-de-ancho/,default,,,
OPC-144,F1-027,Al Natural,Malla sombra 35-50%,0,aprox,2026-09-18,si,"Al Natural, Torres Adalid 1957, Narvarte, Benito Juarez",9 km,,alternativa,MUCHO mas cerca. Precio por confirmar en piso,,
OPC-145,F1-028,Soluciones Naturales Pro,Jabon potasico 1 kg,250,verificado,2026-09-18,no,solo en linea,,https://solucionesnaturalespro.com.mx/product/jabon-potasico/,default,,online,presencial
OPC-146,F1-028,El Chino (Xochimilco),Jabon potasico,0,aprox,2026-09-18,si,"Mercado de Cuemanco / El Chino, Xochimilco",14 km,,alternativa,Agroquimicos con mostrador. Precio por confirmar,,
OPC-147,F1-029,El Chino / Cuemanco,Trampas amarillas pegajosas,150,aprox,2026-09-18,si,"Mercado de Cuemanco / El Chino, Xochimilco",14 km,https://listado.mercadolibre.com.mx/trampas-amarillas-pegajosas,default,,,
OPC-148,F1-030,Valent / Mercado Libre,Gnatrol DG (Bti) 500 g,800,aprox,2026-09-18,no,solo en linea / distribuidor agricola,,http://www.valent.mx/productos/insecticidas/gnatrol,alternativa,"Se mueve por distribuidor agricola formal, no por mostrador",online,presencial
OPC-149,F1-030,Semillas y Agroquimicos El Chino,Formulado de Bacillus thuringiensis var. israelensis,0,aprox,2026-09-18,si,"Av. Guadalupe I. Ramirez, Barrio San Marcos, Xochimilco",14 km,,default,PRESENCIAL: cualquier formulado de Bti israelensis sirve. Precio por confirmar en piso,,
OPC-150,F1-031,Home Depot / Ferreteria Copilco,Rotomartillo + brocas + niveles,1600,aprox,2026-09-18,si,"Home Depot Copilco, Eje 10 #546, Coyoacan",5 km,,default,,,
OPC-151,F1-032,Home Depot,Square D QO120GFI,1159,verificado,2026-09-18,si,"Home Depot Coapa del Hueso, Calz. del Hueso 670, Coyoacan",4 km,https://www.homedepot.com.mx/s/interruptor%20falla%20a%20tierra,default,,,
OPC-152,F1-032,Home Depot,Contacto GFCI Square D,389,verificado,2026-09-18,si,"Home Depot Coapa del Hueso, Calz. del Hueso 670, Coyoacan",4 km,,alternativa_austera,"Alternativa minima: protege el punto, no el circuito. Ahorra $770",,
OPC-153,F1-033,Home Depot / Ferreteria Copilco,Tapa in-use + varilla + cable cal 8,900,aprox,2026-09-18,si,"Home Depot Coapa del Hueso, Calz. del Hueso 670, Coyoacan",4 km,https://www.homedepot.com.mx/s/tapa%20intemperie,default,,,
OPC-154,F1-034,Electricista local,Instalacion GFCI + tierra + contacto exterior,2500,aprox,2026-09-18,si,"Pedir referencias en Electrica Evolucion (Col. Espartaco, Coyoacan)",3 km,,default,Las casas de material electrico del rumbo conocen a los electricistas: es la via presencial,,
OPC-201,F2-001,Home Depot,Amanco Wavin tubo sanitario 4 pulg x 6 m blanco,415,verificado,2026-09-18,si,"Home Depot Coapa del Hueso, Calz. del Hueso 670, Coyoacan",4 km,https://www.homedepot.com.mx/p/amanco-wavin-tubo-sanitario-11-x-600-cm-blanco-amanco-942842-451963,default,Tramos de 6 m: NO caben en un auto normal. Preguntar por corte a 3 m o por entrega a domicilio,,
OPC-202,F2-002,Home Depot,Conexiones sanitarias Amanco 4 pulg,600,verificado,2026-09-18,si,"Home Depot Coapa del Hueso, Calz. del Hueso 670, Coyoacan",4 km,https://www.homedepot.com.mx/p/amanco-wavin-codo-pvc-4-513695-513695,default,,,
OPC-203,F2-003,Home Depot / Ferreteria Copilco,"Tuberia, valvulas y conexiones",750,aprox,2026-09-18,si,"Home Depot Coapa del Hueso, Calz. del Hueso 670, Coyoacan",4 km,https://www.homedepot.com.mx/b/plomeria/tuberias-y-conexiones/sanitarias,default,,,
OPC-204,F2-004,Home Depot / Ferreteria Copilco,Cemento PVC 240 mL + limpiador + teflon + lima,280,aprox,2026-09-18,si,"Home Depot Coapa del Hueso, Calz. del Hueso 670, Coyoacan",4 km,,default,Mismo pasillo que el tubo,,
OPC-205,F2-005,Hydro Environment,Canastilla hidroponica 3 pulg,12.8,verificado,2026-09-18,si,"Hydro Environment, Av. Toltecas 41, Tlalnepantla",38 km,https://hydroenv.com.mx/producto/canastilla-hidroponica-de-3-pulgadas/,default,,,
OPC-206,F2-005,Al Natural,Canastilla hidroponica 3 pulg,0,aprox,2026-09-18,si,"Al Natural, Torres Adalid 1957, Narvarte, Benito Juarez",9 km,,alternativa,Mucho mas cerca. Precio y existencia por confirmar,,
OPC-207,F2-006,Home Depot,Truper sierra corta circulos bimetalica,300,aprox,2026-09-18,si,"Home Depot Copilco, Eje 10 #546, Coyoacan",5 km,https://listado.mercadolibre.com.mx/truper-sierra-corta-circulos-bimetalica,default,,,
OPC-208,F2-007,Hydro Environment,Bomba sumergible 4500 LPH,1199,verificado,2026-09-18,si,"Hydro Environment, Av. Toltecas 41, Tlalnepantla",38 km,https://hydroenv.com.mx/producto/bomba-sumergible-4500-lph-para-hidroponia-y-estanques/,default,,,
OPC-209,F2-008,Hydro Environment,Filtro de malla 1 pulg macho-macho,230,verificado,2026-09-18,si,"Hydro Environment, Av. Toltecas 41, Tlalnepantla",38 km,https://hydroenv.com.mx/producto/filtro-de-malla-para-riego-de-1-pulgada-con-salida-y-entrada-tipo-macho/,default,,,
OPC-210,F2-009,Mercado Libre,Tambo HDPE 200 L grado alimenticio,700,aprox,2026-09-18,no,solo en linea,,https://listado.mercadolibre.com.mx/tambos-de-200-litros,alternativa,Los fabricantes (Plastank) no venden al publico en mostrador,online,presencial
OPC-211,F2-009,Home Depot / Sodimac,Tinaco Rotoplas 450-750 L certificado para agua potable,0,aprox,2026-09-18,si,"Home Depot Coapa del Hueso, Calz. del Hueso 670, Coyoacan / Sodimac Gran Sur, Periferico Sur 5550, Coyoacan",4 km / 6 km,,default,"SUSTITUTO PRESENCIAL equivalente: certificado para agua potable, en piso, y ya sabes que cabe. Precio segun capacidad",,
OPC-212,F2-010,Hydro Environment,Semillero foami agricola 144 bloques 30x30,45.5,verificado,2026-09-18,si,"Hydro Environment, Av. Toltecas 41, Tlalnepantla",38 km,https://hydroenv.com.mx/producto/semillero-de-foami-agricola-de-144-bloques-30x30-cm/,default,,,
OPC-213,F2-011,Hydro Environment,Solucion nutritiva hortalizas 1.5 kg,349,verificado,2026-09-18,si,"Hydro Environment, Av. Toltecas 41, Tlalnepantla",38 km,https://hydroenv.com.mx/producto/solucion-nutritiva-para-hortalizas-de-1-5-kg-rinde-para-1000-litros/,default,,,
OPC-214,F2-011,Al Natural,Solucion nutritiva hidroponica,0,aprox,2026-09-18,si,"Al Natural, Torres Adalid 1957, Narvarte, Benito Juarez",9 km,,alternativa,Mucho mas cerca. Precio por confirmar,,
OPC-215,F2-012,Hydro Environment,AquAcid buffer pH-,516,verificado,2026-09-18,si,"Hydro Environment, Av. Toltecas 41, Tlalnepantla",38 km,https://hydroenv.com.mx/producto/aquacid-buffer-para-bajar-ph-regulador-de-ph-para-hidroponia/,default,,,
OPC-216,F2-012,Alquimia Mexicana,Acido fosforico o citrico grado alimenticio,0,aprox,2026-09-18,si,"Cerrada de Colima 2, Roma Norte",8 km,,alternativa_austera,Mucho mas barato. Mostrador de materias primas,,
OPC-217,F2-013,Insumos Cerveceros,Solucion buffer 4.01 120 mL,40,verificado,2026-09-18,no,solo en linea,,https://insumoscerveceros.mx/inicio/1305-solucion-para-calibracion-de-ph-buffer-401-120-ml.html,default,,online,presencial
OPC-218,F2-014,Mercado Libre,Sobres buffer 6.86 (x10),15,aprox,2026-09-18,no,solo en linea,,https://listado.mercadolibre.com.mx/solucion-buffer-para-calibrar-ph,alternativa,El formato de sobre es de comercio electronico: los mostradores venden botella,online,presencial
OPC-219,F2-014,HANNA Instruments / Hydro Environment,Solucion de calibracion pH 7.01 en botella,150,aprox,2026-09-18,si,"HANNA: Vainilla 462, Granjas Mexico, Iztacalco",12 km,https://hannainst.com.mx,default,"LLAMAR ANTES al 55 5649 1185: HANNA opera por cotizacion y distribuidores, hay que confirmar que venden en mostrador al publico",,
OPC-220,F2-015,HANNA Instruments Mexico,HI7031L 500 mL,459.36,verificado,2026-09-18,si,"Vainilla 462, Granjas Mexico, Iztacalco",12 km,https://hannainst.com.mx/soluci%C3%B3n-de-calibraci%C3%B3n-de-ce-1-413-%C2%B5s-3-cm-valor-hi7031l,default,LLAMAR ANTES: por confirmar que venden en mostrador al publico,,
OPC-221,F2-015,Hydro Environment,Solucion de calibracion de EC,0,aprox,2026-09-18,si,"Hydro Environment, Av. Toltecas 41, Tlalnepantla",38 km,,alternativa,Salida presencial segura si HANNA no vende al publico,,
OPC-222,F2-016,UNIT Electronics,Sonda pH PH-4502C + electrodo E201C-BNC,318,verificado,2026-09-18,si,"UNIT Electronics Copilco, Av. Copilco 357, Coyoacan",3 km,https://uelectronics.com/producto/sensor-de-ph-liquido/,default,EN MOSTRADOR EN COYOACAN. Precio verificado en catalogo el 18-sep-2026: $318,,
OPC-223,F2-016,Geek Factory,Kit sensor pH Gravity DFRobot,1250,aprox,2026-09-18,no,"Coacalco, Edo. Mex. Sin servicio de mostrador",,https://www.geekfactory.mx/producto/kit-sensor-de-ph-para-arduino-gravity-dfrobot/,alternativa_etapa2,NO SUMA AL TOTAL. Solo cuando el NFT venda. Reemplazo anual del electrodo $400-600,online,presencial
OPC-224,F2-016,Hanna Instruments,Monitor continuo GroLine HI981420,15669,verificado,2026-09-18,no,,,https://hydroenv.com.mx/producto/medidor-continuo-ph-ce-tds-para-hidroponia-groline-hi981420/,descartada,5x el stack completo de ESP32 + sondas. Solo con hierbas facturando mas de $6k/mes,online,presencial
OPC-225,F2-017,UNIT Electronics,Sensor TDS Meter v1.0 analogico SEN0244,253,verificado,2026-09-18,si,"UNIT Electronics Copilco, Av. Copilco 357, Coyoacan",3 km,https://uelectronics.com/producto/sensor-tds-meter-v1-0-analogico-sen0244/,default,"Precio verificado en catalogo UNIT el 18-sep-2026: $253, no los $450 que traia el BOM viejo. Calibrar en mS/cm directo en ESPHome",,
OPC-226,F2-018,Mercado Libre,Bomba peristaltica 12 V,225,aprox,2026-09-18,no,solo en linea,,https://listado.mercadolibre.com.mx/bomba-peristaltica-12v,default,"NO HAY MOSTRADOR: se verifico que UNIT no maneja peristalticas. Si quieres evitar la compra en linea, la salida es arrancar con dosificacion MANUAL (jeringa o probeta graduada + medidor de mano) y automatizar despues",online,presencial
OPC-227,F2-019,UNIT Electronics,Valvula solenoide 12V 1/2 NC,128,verificado,2026-09-18,si,"UNIT Electronics Copilco, Av. Copilco 357, Coyoacan",3 km,https://listado.mercadolibre.com.mx/valvula-solenoide-12v-1-2,default,"Verificado en catalogo UNIT el 18-sep-2026: $82-128 segun modelo, no $200. NC: un corte de luz no vacia el tinaco",,
OPC-228,F2-020,UNIT Electronics,ESP32-CAM OV2640 V3 USB-C,260,aprox,2026-09-18,si,"UNIT Electronics Copilco, Av. Copilco 357, Coyoacan",3 km,https://uelectronics.com/producto/esp32-cam-ov2640-v3-con-interfaz-tipo-c/,default,,,
OPC-229,F2-021,UNIT Electronics,Sensor de flujo de agua YF-S201,64,verificado,2026-09-18,si,"UNIT Electronics Copilco, Av. Copilco 357, Coyoacan",3 km,https://listado.mercadolibre.com.mx/sensor-de-flujo-de-agua-yf-s201,default,"Precio verificado en catalogo UNIT el 18-sep-2026: $64, no los $110 del BOM viejo",,
OPC-230,F2-023,Home Depot / Sodimac,Portafiltro duplex 10 pulg + cartuchos sedimento y carbon,1000,aprox,2026-09-18,si,"Home Depot Coapa del Hueso, Calz. del Hueso 670, Coyoacan / Sodimac Gran Sur, Periferico Sur 5550, Coyoacan",4 km / 6 km,https://www.agualimpia.mx/collections/filtro-para-sedimento-y-carbon-activado,default,En piso. Los cartuchos de repuesto tambien,,
OPC-231,F2-024,Mercado Libre,Medidor pH + TDS/EC de mano,450,aprox,2026-09-18,no,solo en linea,,https://listado.mercadolibre.com.mx/medidor-ph-tds-ec,default,,online,presencial
OPC-232,F2-024,Hanna Instruments,HI98130,5000,aprox,2026-09-18,si,"Vainilla 462, Iztacalco",12 km,,alternativa,Solo cuando las hierbas facturen mas de $6k/mes,,
OPC-233,F2-025,Hydrocultura,"Albahaca Nufar organica 1 oz (~20,000 semillas)",549,verificado,2026-09-18,no,"Bodega Av. Toluca 1075, Alvaro Obregon (recoleccion concertada)",12 km,https://hydrocultura.com/products/nufar-semillas-organicas-de-albahaca,default,Vigilar reabasto,tienda_propia,hydrocultura
OPC-234,F2-025,Semillas Organicas ISLA,Albahaca Genovese + Italian Large Leaf,95,verificado,2026-09-18,si,"Ignacio Allende 21, Miguel Hidalgo",16 km,https://semillasisla.mx/products/albahaca-genovese,alternativa,RESPALDO PRESENCIAL por el desabasto de Nufar. Lo que sacrificas es la resistencia a fusarium: compensalo con rotacion y solucion limpia,,
OPC-235,F2-026,Casa del Libro / El Pendulo,Cultivos hidroponicos 5a ed,899,verificado,2026-09-18,si,El Pendulo Coyoacan (pedido),2 km,https://latam.casadellibro.com/libro-cultivos-hidroponicos-5-ed-suelo-para-tecnicos-y-agricultores-profesionales-asi-como-para-los/9788484760054/796153,default,El Pendulo lo puede pedir: preguntar en mostrador,,
OPC-236,F2-027,Cyberpuerta,Epcom LI100A12PRO,4459,verificado,2026-09-18,no,solo en linea,,https://www.cyberpuerta.mx,default,,online,cyberpuerta
OPC-237,F2-027,Solar Center / Exel Solar,LiFePO4 12.8V 100Ah (cualquier marca),0,aprox,2026-09-18,si,"Solar Center: Av. Central 154, GAM / Exel Solar: Norte 45 #909, Azcapotzalco",22 km,,alternativa,PRESENCIAL: llamar antes para confirmar existencia. Mismo viaje que el controlador y el panel,,
OPC-238,F2-027,Steren,AGM 24 Ah,1290,verificado,2026-09-18,si,"Steren Miguel Angel de Quevedo, Asia 47, Coyoacan",3 km,,alternativa_austera,Version austera: mucha menos autonomia y la AGM no aguanta ciclado profundo igual. Sirve para validar el concepto,,
OPC-239,F2-028,Mercado Libre,Bomba de diafragma 12 V 40-60 W,650,aprox,2026-09-18,no,solo en linea,,https://listado.mercadolibre.com.mx/bomba-diafragma-12v,default,,online,presencial
OPC-240,F2-028,Hydro Environment,Bomba de diafragma 12 V para riego,0,aprox,2026-09-18,si,"Hydro Environment, Av. Toltecas 41, Tlalnepantla",38 km,,alternativa,Unico mostrador realista: llamar antes con caudal y presion,,
OPC-241,F2-029,Cyberpuerta,EPEVER LS2024B,599,verificado,2026-09-18,no,solo en linea,,https://www.cyberpuerta.mx,default,,tienda_propia,cyberpuerta
OPC-242,F2-029,Solar Center / Exel Solar,EPEVER LS2024B o PWM/MPPT 12V 20A con perfil LiFePO4,0,aprox,2026-09-18,si,"Vallejo (Solar Center, GAM / Exel Solar, Azcapotzalco)",22 km,,alternativa,PRESENCIAL. Lo que importa no es la marca sino el perfil LiFePO4 configurable,,
OPC-243,F2-030,Cyberpuerta,Panel solar 100W Ugreen,1049,verificado,2026-09-18,no,solo en linea,,https://www.cyberpuerta.mx,default,Suma $158 de envio,tienda_propia,cyberpuerta
OPC-244,F2-030,Abaco Solaris / Solar Center,Panel 100 W 12 V (mono o policristalino),0,aprox,2026-09-18,si,"Abaco Solaris: Calle de America 173-1, Parque San Andres, COYOACAN",3 km,,alternativa,"EN COYOACAN, a 3 km. Para esta partida la marca da igual: lo que importa es 100 W a 12 V nominal. Ahorra el envio",,
OPC-245,F2-031,AutoZone / Steren + Solar Center,Portafusibles y fusibles ATO + seccionador DC,700,aprox,2026-09-18,si,AutoZone y Steren en Coyoacan; el seccionador DC en Vallejo,3 km / 22 km,,default,PARCIALMENTE PRESENCIAL: los fusibles automotrices ATO/maxi si estan en AutoZone y Steren de Coyoacan. El seccionador DC fotovoltaico (el que corta bajo carga sin arco) no: ese va con los solares de Vallejo o en linea,,
OPC-246,F2-032,Cyberpuerta,Envio,158,verificado,2026-09-18,no,solo en linea,,,default,,online,cyberpuerta
OPC-247,F2-037,Mercado Libre,Refrigerador usado 9-11 pies,4000,aprox,2026-09-18,no,solo en linea / Mercado Portales,,https://listado.mercadolibre.com.mx/refrigerador-usado,alternativa,No hay cadena de linea blanca usada con mostrador verificable en el sur,online,presencial
OPC-248,F2-037,Home Depot / Costco Coapa,Refrigerador NUEVO 9-11 pies,0,aprox,2026-09-18,si,"Home Depot Coapa del Hueso, Calz. del Hueso 670, Coyoacan / Costco Coapa, Tlalpan",4 km / 7 km,,default,PARA PRODUCTO QUE SE COME CRUDO conviene nuevo y con garantia: un compresor que falla en agosto te tira el lote. Precio segun modelo,,
OPC-249,F2-038,Home Depot / Costco Coapa,Hielera rigida 45-50 L + gel packs,1300,aprox,2026-09-18,si,"Home Depot Coapa del Hueso, Calz. del Hueso 670, Coyoacan / Costco Coapa",4 km / 7 km,https://listado.mercadolibre.com.mx/hielera-45-litros,default,En piso,,
OPC-250,F2-039,GNP / GMX,RC PyMEs con RC de productos,500,aprox,2026-09-18,si,Agentes en CDMX,,https://www.gnp.com.mx/seguro-de-danos-empresarial-de-responsabilidad-civil-pymes,default,Precio mensual,,
OPC-251,F0-001,The Home Depot Mexico,Husky estante de 5 niveles de acero 183 x 91.4 x 45.7 cm negro ZROP361872,2019,verificado,2026-09-18,no,en linea,,https://www.homedepot.com.mx/p/husky-estante-de-5-niveles-de-acero-183-x-914-x-457-cm-negro-zrop361872-5llb-150281,alternativa,"El rack mide 183 cm de alto: excede los 150 cm por lado que aceptan todas las paqueterías. Recoger en Home Depot Copilco o Coapa del Hueso · GRATIS: entra en el umbral. Home Depot da envio a domicilio sin costo desde $799 MXN en zona metropolitana CDMX, radio de 30 km desde la tienda que surte. Una sola pieza ya lo supera. · VENDEDOR QUE CUBRE VARIAS PARTIDAS - ESTE ES EL BLOQUE GRANDE. Home Depot",tienda_propia,presencial
OPC-252,F0-002,Amazon Mexico,"10 bandejas de cultivo de plantas CON agujeros de drenaje, 20 x 10 pulgadas",75.95,aprox,2026-09-18,no,en linea,,https://www.amazon.com.mx/s?k=charola+germinacion+10x20,alternativa,Paquete de 10 bandejas CON drenaje a $759.51 = $75.95 c/u. Más caro que los $60 del mostrador de Al Natural,amazon,amazon
OPC-253,F0-003,Amazon Mexico,"10 bandejas de cultivo de plantas SIN orificios de drenaje, 20 x 10 pulgadas",64.6,aprox,2026-09-18,no,en linea,,https://www.amazon.com.mx/s?k=charola+germinacion+10x20,alternativa,Paquete de 10 bandejas SIN drenaje a $646.02 = $64.60 c/u,amazon,amazon
OPC-254,F0-004,Mayoreo Online,Semilla de girasol con cascara jumbo,1,verificado,2026-09-18,no,en linea,,https://mayoreo.online/products/semilla-de-girasol-con-cascara-jumbo,alternativa,"Envios a todo Mexico, el costo se ve en el carrito (no publicado). TAMBIEN hay recoleccion gratis en bodega CEDA, L-V 9:00-18:00 · CONFIRMADO en stock y confirma el supuesto del BOM: 1 kg $34 y el costal de 5 kg a $140 para la recompra. Es un pedido chico y solo: si el envio te cuesta mas de $100, la recoleccion en CEDA o pedirle a alguien que pase es mas barata que el producto mismo.",tienda_propia,presencial
OPC-255,F0-006,Hydro Environment,"Gramo de semilla de rabano var. Champion, escalon 453+ g",1.6,verificado,2026-09-18,no,en linea,,https://hydroenv.com.mx/producto/gramo-de-semilla-de-rabano-var-champion/,alternativa,"No hay envio gratis por umbral. Estafeta o Paquete Express (Red Pack) para <70 kg, se cotiza en checkout; 2-4 dias habiles · CONSOLIDADOR PRINCIPAL. Hydro Environment cubre 10 partidas de esta categoria en UN SOLO PEDIDO: F0-006, F0-007, F0-010, F1-028, F1-029, F2-007, F2-008, F2-010, F2-011 y F2-012. Tabla de precios confirmada: 1-9 g $14.50, 10-99 g $8.00, 100-452 g $4.00, 453+ g $1.60. El BOM t",tienda_propia,hydroenv
OPC-256,F0-007,Hydro Environment,"Gramo de semilla de betabel/remolacha var. Early Wonder, escalon 453+ g",1.6,verificado,2026-09-18,no,en linea,,https://hydroenv.com.mx/producto/gramo-de-semilla-de-betabel-o-remolacha-variedad-early-wonder/,alternativa,"Mismo envio que F0-006: va en la misma caja, no suma costo · Escalones confirmados: 1-9 g $14.90, 10-99 g $8.00, 100-452 g $4.00, 453+ g $1.60. ~70 semillas por gramo. Coincide exacto con el BOM.",tienda_propia,hydroenv
OPC-257,F0-009,Semillas Organicas ISLA,"Sobres de microgreens: Cilantro Monogerm $100, Hoja de Mostaza Roja $110, Hoja de Mostaza Mizuna $130, Arugula $100, Tatsoi $100, Kale Ruso Rojo $100, Rabano Da",103.33,verificado,2026-09-18,no,en linea,,https://semillasisla.mx/collections/microgreens,alternativa,Tres sobres por ~$310: cilantro $100 + mostaza roja $110 + un tercero ~$100,tienda_propia,presencial
OPC-258,F0-010,Hydro Environment,"Polvillo de coco para germinacion 50 L, sustrato organico",115,verificado,2026-09-18,no,en linea,,https://hydroenv.com.mx/producto/polvillo-de-coco-para-germinacion-50-l-sustrato-organico/,alternativa,"Va en el mismo pedido del bloque Hydro Environment. Es la partida mas pesada y voluminosa del bloque: es la que va a determinar el costo del flete · Amazon tiene Pisumma polvillo de coco 30 L a $159 con envio gratis, pero es $5.30/L contra $2.30/L de Hydro Environment. Hydro Environment gana aunque pagues flete.",tienda_propia,hydroenv
OPC-259,F0-011,Amazon Mexico,"Bascula digital de cocina 10 kg / 1 g de acero inoxidable, pantalla LCD, funcion tara, 6 unidades de medida",120,aprox,2026-09-18,no,en linea,,https://www.amazon.com.mx/s?k=bascula+digital+cocina+1g+5kg&i=kitchen,alternativa,"Entra en el umbral de $299 de Amazon SOLO si va acompanada. Junta con F0-012 y F0-021. · VENDEDOR/PLATAFORMA QUE CUBRE VARIAS PARTIDAS - BLOQUE 5, LOS INSTRUMENTOS. Las tres partidas chicas de medicion (F0-011 bascula de cosecha, F0-012 bascula de dosificacion, F0-021 termometro) se compran en el mismo pedido de Amazon Mexico y cruzan juntas el umbral de $299. Compradas por separado serian tres en",amazon,amazon
OPC-260,F0-012,Amazon Mexico,Bascula gramera digital de bolsillo 500 g / 0.01 g con funcion tara y pantalla LCD (Diyife),149,aprox,2026-09-18,no,en linea,,https://www.amazon.com.mx/s?k=bascula+de+precision+0.1g+500g+joyeria,alternativa,"Entra en el umbral de envio gratis de Amazon Mexico ($299) SOLO si la juntas con otra cosa. A $149-219 suelta no llega. · MEJOR QUE LO QUE PIDE EL BOM: encontre basculas de 0.01 g (diez veces mas finas que los 0.1 g que pide la partida) desde $149, contra los $180 presupuestados. Junta esta con la de cosecha F0-011 y el termometro F0-021 en un solo pedido de Amazon: los tres suman ~$450-500 y cruz",amazon,amazon
OPC-261,F0-015,The Home Depot Mexico,"Forte caja de 100 guantes medianos de nitrilo desechables uso rudo (Microflex, negro)",369,verificado,2026-09-18,no,en linea,,https://www.homedepot.com.mx/p/forte-caja-de-100-guantes-medianos-de-nitrilo-desechables-para-uso-rudo-93252-206899,alternativa,"GRATIS si viaja dentro del pedido de Home Depot (umbral $799). Solo, NO llega al umbral. · $369 contra los $250 que el BOM estima en farmacia. Pagas $119 mas de producto pero NO pagas envio porque viaja gratis con el rack y el tinaco. Si lo compras suelto en Mercado Libre a ~$250 abres un pedido mas. Consolidar aqui gana.",tienda_propia,homedepot
OPC-262,F0-016,No identificado,"Peroxido de hidrogeno 35% grado alimenticio, 1 L",200,aprox,2026-09-18,no,en linea,,https://listado.mercadolibre.com.mx/peroxido-de-hidrogeno-35%25-grado-alimenticio-oxigeno-liquido,alternativa,No verificado. ADVERTENCIA: el H2O2 al 35% es un oxidante y varias paqueterias lo restringen o exigen embalaje especial; el envio puede costar mas que el producto o ser rechazado. · Confirme que existen distribuidores mexicanos directos (peroxidosdehidrogeno.mx y 39 proveedores listados en cosmos.com.mx) que venden por litro con entrega o recoleccion en planta. Esa via probablemente sea mas confia,mercadolibre,ml-full
OPC-263,F0-019,NO PUDE IDENTIFICAR AL VENDEDOR: Mercado Libre bloqueo el acceso en esta sesion,"Clamshell PET 8 oz, paquete de 100",3.5,aprox,2026-09-18,no,en linea,,https://listado.mercadolibre.com.mx/clamshell,alternativa,"Mercado Libre da envio gratis a partir de $299 en productos elegibles (dato de busqueda, no de ficha). A $350 el paquete de 100 entraria en el umbral. · LIMITACION IMPORTANTE DE ESTA INVESTIGACION: Mercado Libre me devolvio un muro de sesion en todos los intentos (listado, ficha de producto y catalogo), asi que NO pude leer ni un nombre de vendedor ni una insignia FULL en toda la plataforma. Como ",mercadolibre,ml-full
OPC-264,F0-020,Imprenta en linea: Pop Mexico,"Etiquetas adhesivas personalizadas a color, tiraje de 300",1.32,aprox,2026-09-18,no,en linea,,https://www.360imprimir.com.mx/etiquetas-adhesivas,alternativa,"500 etiquetas desde $397 en 360imprimir; prorrateado a las 300 del BOM sale ~$1.32 c/u, más barato que la imprenta física",tienda_propia,presencial
OPC-265,F0-021,Amazon Mexico,Termometro digital de cocina con sonda,150,aprox,2026-09-18,no,en linea,,https://www.amazon.com.mx/s?k=termometro+digital+cocina+sonda,alternativa,"Entra en el umbral de $299 de Amazon junto con las dos basculas. · Tercera pieza del Bloque 5 (Amazon). Recuerda el doble uso que marca el BOM: precalentado a 60 C para sanitizar semilla Y registro de cadena de frio en entregas, asi que conviene uno con sonda y rango amplio, no un termometro de carne basico.",amazon,amazon
OPC-266,F0-022,Amazon Estados Unidos,"Microgreens: The Insiders Secrets To Growing Gourmet Greens & Building A Wildly Successful Microgreen Business - pasta blanda, 146 pag, ingles",400.82,verificado,2026-09-18,no,en linea,,https://www.amazon.com.mx/Microgreens-Insiders-Building-Successful-Microgreen/dp/191366600X,alternativa,"GRATIS. La ficha dice Entrega GRATIS desde Estados Unidos el jueves 24 de septiembre. Amazon Mexico da envio gratis desde $299 sin Prime, y este producto ya lo supera solo. · Precio verificado hoy: $400.82 contra los $396.60 del BOM, diferencia de $4. Envio gratis confirmado en ficha y llega el 24 de septiembre, a tiempo para las visitas a chefs. La version usada en buen estado a $310.81 tambien t",amazon,amazon
OPC-267,F0-023,El Pendulo,El jardinero horticultor. Manual para cultivar con exito pequenas huertas biointensivas - Jean-Martin Fortier,488,verificado,2026-09-18,no,en linea,,https://pendulo.com/libro/jardinero-horticultor-el_393665,alternativa,"GRATIS a partir de $800 en CDMX (y $1,300 en el resto del pais). Este libro SOLO cuesta $488, asi que NO alcanza el umbral por si mismo. · VENDEDOR QUE PUEDE CUBRIR DOS PARTIDAS - BLOQUE 4, LOS LIBROS EN ESPANOL. Si El Pendulo consigue el Resh (F2-026), el par suma $1,387 y el envio es GRATIS. Solo, este libro no llega a los $800 y pagarias envio por $488 de producto. Pregunta en mostrador o por t",tienda_propia,presencial
OPC-268,F1-001,Sodimac Mexico,"PTR 1 1/2 x 1 1/2 calibre 14, tramo de 6 m",382.85,verificado,2026-09-18,no,en linea,,https://www.sodimac.com.mx/sodimac-mx/product/433713/ptr-1-1-2x1-1-2-calibre-14/433713,alternativa,"Tramos de 6 m: 600 cm contra el tope de 150 cm por lado. Es recoger con el auto (no cabe en un sedán) o flete de la propia acerera, que suele ser gratis por volumen · Sodimac en línea: $403 pieza suelta, $382.85 desde 5 piezas. OJO: 6 m NO viaja por paquetería, esto es recoger o flete de la acerera",tienda_propia,presencial
OPC-269,F1-002,Sodimac Mexico,"PTR 1 pulg, tramo de 6 m",275,aprox,2026-09-18,no,en linea,,https://www.sodimac.com.mx/sodimac-mx/category/cat11448/PTR,alternativa,"Mismo caso: tramos de 6 m · Mismo despacho que F1-001. Sodimac: gratis arriba de $1,000 en zona local, sujeto a la misma duda de los 6 m de largo. · Va obligatoriamente en el mismo pedido que F1-001: mismo proveedor, mismo despacho, mismo camion. Sigue abierta la duda del BOM de si son 4 o 7 tramos (docs/diseno/estructura-tunel.md calcula 7 con kerf): resuelvela ANTES de pedir, porque agregar 3 tr",tienda_propia,presencial
OPC-270,F1-004,The Home Depot Mexico,"Anclaje de cuna para concreto 3/8 x 3 pulg (Red Head) o taquete de expansion 3/8 x 3 (Hillman, caja 50 pzas)",180,aprox,2026-09-18,no,en linea,,https://www.homedepot.com.mx/b/ferreteria/ferreteria-general/tornillos-tuercas-y-arandelas/anclajes-de-cuna-para-concreto-3-8x3-3-136889,alternativa,GRATIS dentro del pedido de Home Depot. · SOLO LAS ANCLAS son comprables en linea. Las placas base 10x10 las corta y suelda el herrero a partir de solera 3/16 (ver F1-003): esa parte no es un producto de catalogo. Existe la caja Hillman de 50 taquetes 3/8x3 que cubre las 6 placas con 2-4 anclas cada una y sobra.,tienda_propia,homedepot
OPC-271,F1-005,Hydro Environment,"Metro de plastico para invernadero 25% sombra, 6.2 m de ancho, cal. 720",193.5,verificado,2026-09-18,no,en linea,,https://hydroenv.com.mx/producto/metro-de-plastico-para-invernadero-25-sombra-6-2-m-de-ancho-cal-720/,alternativa,"NO hay envio gratis por monto. Hydro Environment cobra lo que cobre la paqueteria: Estafeta o Paquete Express si el pedido pesa menos de 70 kg, y fletera POR COBRAR si pasa de 70 kg. Tarda 2-4 dias habiles en embarcar. · VENDEDOR QUE CUBRE VARIAS PARTIDAS - BLOQUE 2, LA CUBIERTA. Hydro Environment cubre F1-005 (plastico), F1-027 (malla sombra) y F1-007 (perfil + alambre zigzag) en UN SOLO PEDIDO. ",tienda_propia,hydroenv
OPC-272,F1-007,Hydro Environment,Perfil sujetador Polygrap tramo de 2 m (acero galvanizado 1 mm) + alambre zigzag cal. 12 por kilo (~22.5 m de rendimiento),85.5,verificado,2026-09-18,no,en linea,,https://hydroenv.com.mx/producto/449-tramo-de-2-metros-de-perfil-sujetador-o-riel-de-invernadero-polygrap/,alternativa,"Sin envio gratis. Mismo embarque que F1-005 y F1-027. · Alambre zigzag: https://hydroenv.com.mx/producto/448-kilo-de-alambre-zigzag-para-perfil-sujetador-cal-12-aprox-22-5-metros-de-alambre/ . Para un tunel 3x6 necesitas ~30 m de perfil = 15 tramos = $1,282.50, mas 2 kg de alambre = $185.40, o sea ~$1,468 contra los $1,100 que estima el BOM. FALTAN de este lote la cinta reparadora y la canaleta PV",tienda_propia,hydroenv
OPC-273,F1-008,The Home Depot Mexico,Husky estante de 5 niveles de acero 183 x 91.4 x 45.7 cm negro ZROP361872 x3,2019,verificado,2026-09-18,no,en linea,,https://www.homedepot.com.mx/p/husky-estante-de-5-niveles-de-acero-183-x-914-x-457-cm-negro-zrop361872-5llb-150281,alternativa,"Mismo caso que F0-001, y son tres. Recoger en tienda o pedir entrega a domicilio de Home Depot · GRATIS: entra en el umbral de $799 con muchisimo margen. · Mismo SKU que F0-001. Si compras los 4 racks juntos en el mismo pedido de Home Depot, es un solo envio gratis para $8,076 de racks. Checa existencia en linea: 4 racks no siempre estan disponibles a la vez.",tienda_propia,presencial
OPC-274,F1-009,The Home Depot Mexico,Aquaplas tinaco tricapa 750 L negro con accesorios (106 cm diam x 110 cm alt) - alternativa: Rotoplas tricapa 750 L con accesorios,2815,verificado,2026-09-18,no,en linea,,https://www.homedepot.com.mx/p/aquaplas-tinaco-tricapa-750-l-negro-aquaplas-con-accesorios-108298-108298,alternativa,"Tinaco de 106 cm de diámetro por 110 de alto: unos 256 kg volumétricos contra el tope de 70 kg. No existe paquetería que lo mueva · Tinaco Aquaplas tricapa 750 L a $2,815 (el Rotoplas con accesorios, $3,549). Más caro que los $2,051 del mostrador, y además NO viaja por paquetería: 106 cm de diámetro",tienda_propia,presencial
OPC-275,F1-010,Isla Urbana,Paquete Basico Tlaloc: tlaloque + filtro de hojas de malla inoxidable + axolote,5300,verificado,2026-09-18,no,en linea,,https://islaurbana.mx/product/paquete-basico-tlaloc/,alternativa,"Isla Urbana está en Callejón de Colima 23, Coyoacán, a 2 km. Pagar paquetería por un kit voluminoso que tienes a diez minutos no tiene sentido · En línea NO existe la opción DIY de $1,500: el tlaloque casero se arma con tubo de tlapalería. Comprando por internet la única vía es el kit de Isla Urbana. Por eso esta partida sube $3,800 en el escenario en línea",tienda_propia,presencial
OPC-276,F1-011,UNIT Electronics,ESP32 DevKit V1 30 pines USB-C,130,aprox,2026-09-18,no,en linea,,https://uelectronics.com/producto/esp32-devkit-v1-30-pines-usb-c-microusb/,alternativa,"$129 unico por TODO el pedido UNIT (tarifa nacional para compras mayores a $599; $199 si el pedido es menor). Verificado hoy solo por buscador: uelectronics.com esta detras de Cloudflare y no pude abrir la ficha · ANCLA DEL PEDIDO 1. UNIT cubre 12 partidas de esta categoria (F1-011, F1-012, F1-013, F1-014, F1-015, F1-019, F1-023, F2-016, F2-017, F2-019, F2-020, F2-021) = UN SOLO envio de $129 para",tienda_propia,unit
OPC-277,F1-012,UNIT Electronics,GY-SHT41 / SHT40-AD1B-R2 (Sensirion),91,aprox,2026-09-18,no,en linea,,https://uelectronics.com,alternativa,$0 adicional: viaja en el mismo pedido UNIT de $129 · Va en el PEDIDO 1 (UNIT). El SHT31 que traia el BOM viejo esta en Mercado Libre a $300 con vendedor suelto: peor precio y un envio aparte. En ESPHome usa la plataforma sht4x.,tienda_propia,unit
OPC-278,F1-013,UNIT Electronics,DS18B20 acero inoxidable sumergible,35,aprox,2026-09-18,no,en linea,,https://uelectronics.com/producto/ds18b20-sensor-de-temperatura-digital-de-acero-inoxidable-sumergible/,alternativa,"$0 adicional: viaja en el mismo pedido UNIT de $129 · Va en el PEDIDO 1 (UNIT). Alternativa Amazon verificada: ASIN B09MST2FMK a $60 con Entrega GRATIS, pero son $25 mas caro por pieza; solo tiene sentido si NO haces el pedido a UNIT.",tienda_propia,unit
OPC-279,F1-014,UNIT Electronics,Sensor de humedad de suelo capacitivo anticorrosivo,26,aprox,2026-09-18,no,en linea,,https://uelectronics.com,alternativa,"$0 adicional: viaja en el mismo pedido UNIT de $129 · Va en el PEDIDO 1 (UNIT). OJO: comprando en linea pierdes el filtro presencial contra el 20-30% de piezas malas de fabrica. Recomiendo subir a 8-10 piezas ($208-260) justo porque ya no puedes revisarlas antes de pagar. Amazon NO sirve aqui: sus resultados son medidores de jardineria de $270-1,585, no el sensor analogico.",tienda_propia,unit
OPC-280,F1-015,UNIT Electronics,Modulo relevador 5V 4 canales optoacoplado,110,aprox,2026-09-18,no,en linea,,https://uelectronics.com/producto/relevador-5v-de-1-a-8-canales/,alternativa,"$0 adicional: viaja en el mismo pedido UNIT de $129 · Va en el PEDIDO 1 (UNIT). Amazon verificado: ASIN B07Q1HSLKL a $180 con Entrega GRATIS, 64% mas caro.",tienda_propia,unit
OPC-281,F1-016,ZINKER,ZINKER Eliminador de Corriente Universal 12V 5A 60W para CCTV,329,verificado,2026-09-18,no,en linea,,https://www.amazon.com.mx/dp/B0F22XTK24,alternativa,"GRATIS (Entrega GRATIS el 20-sep, leido en la ficha). Amazon Mexico da envio gratis desde $299 sin Prime desde marzo 2026 · Va en el PEDIDO 2 (Amazon). Quedan 10 en stock. ALTERNATIVA CON GARANTIA: Steren ELI-1260 a $399 en steren.com.mx, envio $89 pero GRATIS a partir de $499 (verificado en la ficha hoy) - si juntas la fuente con el no-break NB-605 de Steren pasas el umbral y ambos llegan sin cos",amazon,amazon
OPC-282,F1-017,Vendedor de Amazon Mexico,"Bomba de diafragma DC 12V, 0.1-6 L/min, 0.9 MPa, 70 W, autocebante",239,verificado,2026-09-18,no,en linea,,https://www.amazon.com.mx/dp/B0FQJNK1ZQ,alternativa,"GRATIS (leido en la ficha) · Va en el PEDIDO 2 (Amazon). El caudal 0.1-6 L/min cae justo en los 4-6 L/min que pide el BOM. NO trae presostato explicito: si lo quieres integrado, VEVOR 12V 18.9 L/min con presostato automatico, ASIN B0FY3JCRC2 a $1,173.79 con Entrega GRATIS (verificado) - pero ese caudal es excesivo para nebulizar.",amazon,amazon
OPC-283,F1-018,Vendedor de Amazon Mexico,Kit de Riego por Goteo Completo con Nebulizacion para Jardin,360,aprox,2026-09-18,no,en linea,,https://www.amazon.com.mx/dp/B07C7SZJHR,alternativa,"GRATIS (leido en resultados de busqueda, Entrega GRATIS 20-sep) · Va en el PEDIDO 2 (Amazon). Solo quedaba 1 en stock al momento de la busqueda. Opcion mas robusta verificada: boquillas de laton de alta presion, ASIN B0G57NBH48 a $399 con Entrega GRATIS - el laton no se tapa con el sarro del agua de CDMX como el plastico.",amazon,amazon
OPC-284,F1-019,UNIT Electronics,Sensor Ultrasonico Contra El Agua JSN-SR04T,121.09,aprox,2026-09-18,no,en linea,,https://www.mercadolibre.com.mx/sensor-ultrasonico-contra-el-agua-jsn-sr04t-cdmx-electroni/p/MLM47581839,alternativa,"Sin envio gratis por si solo (esta debajo de los $299 de ML). Si lo pones en el mismo carrito de la Tienda Oficial con otros articulos y pasas $299, el envio es gratis · Precio leido HOY directo en la pagina de la Tienda Oficial de UNIT en ML (no en la ficha). Sale $29 mas barato que los $150 del BOM. Decide: o va en el PEDIDO 1 por uelectronics.com a $150, o abres un carrito en la Tienda Oficial ",mercadolibre,unit
OPC-285,F1-020,Vendedor de reacondicionados en Amazon Mexico,"Lenovo ThinkCentre M920Q Tiny PC, i5, 8 GB RAM, 256 GB SSD (reacondicionado)",3699,verificado,2026-09-18,no,en linea,,https://www.amazon.com.mx/dp/B0HG9LLG9B,alternativa,"Lenovo ThinkCentre M920Q reacondicionado con garantía a $3,699, contra los ~$3,000 de uno usado sin garantía en Mercado Libre",amazon,amazon
OPC-286,F1-021,Smartbitt,"Smartbitt No-Break Interactivo 600 VA, regulador y supresor de picos",1176.6,verificado,2026-09-18,no,en linea,,https://www.amazon.com.mx/dp/B078TQ7BNB,alternativa,"No-break Smartbitt 600 VA a $1,176.60, contra los $900 estimados del genérico",amazon,amazon
OPC-287,F1-022,Vendedor de Amazon Mexico,"Gabinete Plastico para Exterior IP65 de 300 x 300 x 150 mm, cierre por tornillos, TXG-01-571",614.72,verificado,2026-09-18,no,en linea,,https://www.amazon.com.mx/dp/B08FBKJZRM,alternativa,"Gabinete IP65 300x300x150 a $614.72 c/u, contra los $350 estimados. Es 150 mm de fondo, no 90: cabe mejor el buck y el riel DIN",amazon,amazon
OPC-288,F1-023,UNIT Electronics,"Lote armado con su catalogo: cable, borneras, portafusibles, termofit, cinchos",1000,aprox,2026-09-18,no,en linea,,https://uelectronics.com,alternativa,"$0 adicional: viaja en el mismo pedido UNIT de $129 · ESTA ES LA PARTIDA QUE PEOR SE COMPRA EN LINEA y aun asi conviene meterla al PEDIDO 1: son ~20 SKUs chicos, y comprados sueltos en ML pagarias hasta 20 envios. Metiendolos al carrito de UNIT el envio marginal es $0. LO QUE PIERDES: la nota del BOM decia 'comprar en persona y de paso conocer al proveedor de emergencia del mismo dia' - eso no se ",tienda_propia,unit
OPC-289,F1-024,Megaluz,"Megaluz T8W30R02 Regleta LED 120 cm, 30 W, 2400 lm, 6500 K - paquete de 4",139,verificado,2026-09-18,no,en linea,,https://www.amazon.com.mx/dp/B0DRWFSHX8,alternativa,"Megaluz T8 30 W: paquete de 4 a $556 = $139 c/u. Es de 30 W, no 18 W: más luz y más consumo, revisa el cálculo eléctrico antes",amazon,amazon
OPC-290,F1-025,Megaluz,Incluido: la regleta Megaluz T8W30R02 ya trae cuerpo y cableado,400,verificado,2026-09-18,no,en linea,,https://www.amazon.com.mx/dp/B0DRWFSHX8,alternativa,"$0: es el mismo articulo de F1-024 · AHORRO DE $400. Comprando regleta integrada en lugar de tubo pelon + canaleta, esta partida desaparece. Si en cambio te vas por el tubo T8 pelon (JWJ o el pack de 10 de $449), entonces si necesitas bases/canaletas: la opcion verificada mas cercana en Amazon es la regleta Megaluz suelta de $189 (ASIN B0DRWBHLDV), lo cual demuestra que comprar regleta integrada s",amazon,amazon
OPC-291,F1-027,Hydro Environment,"Malla sombra por metro al 35% de 3.7 m de ancho (HDPE con proteccion UV, vida util 5 anos)",129,verificado,2026-09-18,no,en linea,,https://hydroenv.com.mx/producto/malla-sombra-por-metro-al-35-de-3-7-m-de-ancho/,alternativa,"Sin envio gratis. Viaja en el MISMO embarque que el plastico F1-005 y el perfil F1-007, asi que su envio marginal es practicamente cero. · Precio identico al del BOM ($129/m). DATO QUE CAMBIA LA DECISION: a partir de 10 m baja a $99/m y a partir de 20 m a $72/m. Si vas a ampliar a 5x6 en Fase 2 como dice la nota de F1-001, comprar 10 m ahora ($990) en vez de 6 m ($774) te deja 4 m extra por $216, ",tienda_propia,hydroenv
OPC-292,F1-028,Hydro Environment,"Jabon Potasico Agricola 1 L, insecticida y fungicida organico",225,verificado,2026-09-18,no,en linea,,https://hydroenv.com.mx/producto/jabon-potasico-1l-uso-agricola/,alternativa,"Sin costo extra: entra en el mismo pedido del bloque Hydro Environment · MEJORA SOBRE EL BOM: el BOM apuntaba a Soluciones Naturales Pro a $250 en un pedido aparte. Hydro Environment lo tiene a $225 Y lo mete en el pedido que ya vas a hacer: ahorras $25 mas un envio completo. Alternativa verificada si Hydro Environment se queda sin: Soluciones Naturales Pro $250/kg (6+ $230, 10+ $190), https://sol",tienda_propia,hydroenv
OPC-293,F1-029,Hydro Environment,Bolsa de 20 trampas cromaticas amarillas pegajosas 25x20 cm,276.08,verificado,2026-09-18,no,en linea,,https://hydroenv.com.mx/producto/1160-bolsa-de-20-trampas-amarilla-pegajosa-de-25x20-cm/,alternativa,"Sin costo extra: entra en el pedido del bloque Hydro Environment · El BOM presupuesto $150 por 'un paquete' sin definir cuantas. Aqui son 20 trampas por $276.08, o sea $13.80 cada una, para 4 racks. Alternativa Amazon si quieres cerrar el bloque Hydro Environment mas barato: 'Trampa Amarilla Pegajosa Doble Cara 20x25 cm, 10 piezas' $295 con envio gratis, o '36 piezas trampas adhesivas' $339 con en",tienda_propia,hydroenv
OPC-294,F1-031,The Home Depot Mexico,Truper rotomartillo SDS Plus 2 Joules 650 W industrial (ROEL-20N) + brocas SDS + nivel,1600,aprox,2026-09-18,no,en linea,,https://www.homedepot.com.mx/p/truper-rotomartillo-sds-plus-2-joules-650-w-industrial-truper-roel-20n-207908,alternativa,"GRATIS dentro del pedido de Home Depot. · Home Depot tiene toda la escalera: Truper SDS Plus 2 J / 650 W (el economico, suficiente para anclar 6 placas en firme), 4 J / 1000 W Expert y 5 J / 1500 W industrial. Todo entra en el mismo pedido gratis. Como el BOM dice, si suelda el herrero no compres esmeriladora ni careta.",tienda_propia,homedepot
OPC-295,F2-003,The Home Depot Mexico,"Tuberia, valvulas y conexiones hidraulicas/sanitarias",750,aprox,2026-09-18,no,en linea,,https://www.homedepot.com.mx/b/plomeria/tuberias-y-conexiones/sanitarias,alternativa,"El retorno de 2 pulgadas viene en tramos de 6 m. Mismo límite · GRATIS dentro del pedido de Home Depot. · Lote heterogeneo: hay que armarlo pieza por pieza en el carrito. Consolida con F2-001, F2-002 y F2-004 sin costo extra de envio.",tienda_propia,presencial
OPC-296,F2-004,The Home Depot Mexico,Cemento para PVC Contact 240 mL + limpiador Tangit 240 mL + teflon + lima,280,aprox,2026-09-18,no,en linea,,https://www.homedepot.com.mx/p/cemento-para-pvc-240-ml-transparente-contact-104028-104028,alternativa,"GRATIS dentro del pedido de Home Depot. Solo NO llegaria al umbral de $799. · Caso perfecto de consolidacion: $280 de producto que por si solos pagarian envio, y que aqui viajan gratis pegados al tinaco y a los racks. Localice tambien el limpiador Tangit 240 mL en el mismo sitio: https://www.homedepot.com.mx/p/tangit-tangit-limpiador-para-tuberias-de-pvc-240-ml-cleanser-128525",tienda_propia,homedepot
OPC-297,F2-005,Amazon Mexico,Opcion A: 'Macetas Hidroponicas Red 3 Pulgadas 25 Unidades con ranuras de drenaje' | Opcion B: '50 PCS tazas de red de malla ranuradas 3 pulgadas',8.09,aprox,2026-09-18,no,en linea,,https://www.amazon.com.mx/s?k=canastilla+hidroponica+3+pulgadas+maceta+red,alternativa,"Macetas de red 3 pulgadas, paquete de 25 a $202.37 = $8.09 c/u. Más barato que los $12.80 de Hydroenv",amazon,amazon
OPC-298,F2-006,The Home Depot Mexico,"Broca sierra bimetalica del diametro medido + mandril (marca Diablo o Truper, pieza suelta)",300,aprox,2026-09-18,no,en linea,,https://www.homedepot.com.mx/b/herramientas/accesorios-para-herramientas-electricas/brocas/broca-sierra-bi-metal-1-105629,alternativa,"GRATIS dentro del pedido de Home Depot. · CUIDADO: el juego Truper de 6 brocasierras + 2 mandriles que aparece primero cuesta $1,439 y solo trae 3/4 pulg y 7/8 pulg: NO sirve para una canastilla de 3 pulg. Compra UNA pieza suelta del diametro que midas (probablemente 3 1/4 a 3 1/2 pulg) mas su mandril. Como dice el BOM: mide la canastilla ANTES de comprar.",tienda_propia,homedepot
OPC-299,F2-007,Hydro Environment,"Bomba sumergible 4500 LPH para hidroponia y estanques, 72 W, 110-120 V, altura 2.65 m",1199,verificado,2026-09-18,no,en linea,,https://hydroenv.com.mx/producto/bomba-sumergible-4500-lph-para-hidroponia-y-estanques/,alternativa,"Sin costo extra: entra en el pedido del bloque Hydro Environment. 2.252 kg, 21x16x14 cm · OJO: la ficha dice 72 W, el BOM anoto 65 W. El argumento del BOM (72 W contra 370 W de una periferica) sigue en pie. Amazon tiene VIOPY 4500 L/H 90 W y VIVOSUN 4500 GPH 220 W con envio gratis, pero 90 W ya es 25% mas consumo 24/7 y la VIVOSUN es otra categoria de bomba. Quedarse con Hydro Environment ademas c",tienda_propia,hydroenv
OPC-300,F2-008,Hydro Environment,"Filtro de malla para riego 1 pulgada macho-macho, 120 mesh (~130 micras)",230,verificado,2026-09-18,no,en linea,,https://hydroenv.com.mx/producto/filtro-de-malla-para-riego-de-1-pulgada-con-salida-y-entrada-tipo-macho/,alternativa,"Sin costo extra: entra en el pedido del bloque Hydro Environment · 120 mesh confirmado en ficha, coincide con el BOM. Caudal recomendado 6-8 m3/h, muy por encima del 1-2 L/min por linea del diseno: no estrangula.",tienda_propia,hydroenv
OPC-301,F2-010,Hydro Environment,Semillero de foami agricola 144 bloques 30x30 cm,45.5,verificado,2026-09-18,no,en linea,,https://hydroenv.com.mx/producto/semillero-de-foami-agricola-de-144-bloques-30x30-cm/,alternativa,"Sin costo extra: entra en el pedido del bloque Hydro Environment · Amazon solo vende esponjas hidroponicas sueltas genericas (50 pzas $137-$268), no la plancha agricola de 144 bloques. Hydro Environment es la opcion real y ademas consolida. A $45.50 por 144 bloques sale $0.32 por planta, igual que dice el BOM.",tienda_propia,hydroenv
OPC-302,F2-011,Hydro Environment,"Solucion nutritiva para hortalizas 1.5 kg, rinde 1,000 L",349,verificado,2026-09-18,no,en linea,,https://hydroenv.com.mx/producto/solucion-nutritiva-para-hortalizas-de-1-5-kg-rinde-para-1000-litros/,alternativa,"Sin costo extra: entra en el pedido del bloque Hydro Environment · ESCALON QUE VALE LA PENA MIRAR: comprar 3 en vez de 2 cuesta $930 contra $698, o sea $232 mas por 1,000 L extra de solucion. Si ya vas a pagar el flete de este pedido, la tercera pieza es la mas barata que vas a comprar nunca. Escalones: 1-2 $349, 3-4 $310, 5-7 $279, 8+ $259.",tienda_propia,hydroenv
OPC-303,F2-012,Hydro Environment,"AquAcid buffer para bajar pH, 1 L con gotero dosificador",516,verificado,2026-09-18,no,en linea,,https://hydroenv.com.mx/producto/aquacid-buffer-para-bajar-ph-regulador-de-ph-para-hidroponia/,alternativa,"RIESGO: la ficha lo clasifica ONU 1789 - Acido Clorhidrico, Clase 8, Grupo de embalaje II, corrosivo. Estafeta y Red Pack, que son las dos paqueterias que usa Hydro Environment, normalmente rechazan Clase 8 en paqueteria estandar · Precio $516 coincide exacto con el BOM. Pero es el UNICO renglon del bloque Hydro Environment que puede tumbarte el pedido: es HCl Clase 8. Recomendacion: pon el resto ",tienda_propia,hydroenv
OPC-304,F2-013,Amazon Mexico,"Solucion de calibracion pH 4.00 + pH 7.00 + EC 1413 uS/cm + solucion de limpieza de electrodos, 50 ml cada una",247.31,aprox,2026-09-18,no,en linea,,https://www.amazon.com.mx/s?k=solucion+calibracion+ph+4.01+6.86+conductividad+1413,alternativa,"ES UN KIT de $494.62 que trae pH 4.00 + pH 7.00 + EC 1413 + limpiador de electrodos. Prorrateado aquí a 2 unidades. Si lo compras, F2-014 y F2-015 ya vienen dentro: descuéntalas del total",amazon,amazon
OPC-305,F2-014,Amazon Mexico,Cubierto por el mismo kit de F2-013 (incluye el punto pH 7.00),150,aprox,2026-09-18,no,en linea,,https://www.amazon.com.mx/s?k=solucion+calibracion+ph+4.01+6.86+conductividad+1413,alternativa,"Incluido en el mismo envio gratis · El BOM ya dice que 6.86 y 7.01 son equivalentes para este uso; el kit trae 7.00, que sirve igual como segundo punto. Alternativa de mas volumen y marca seria: Hydrocultura vende Hanna HI7007-023 (230 ml) dentro de su rango 'desde $140.96', y se consolidaria con el pedido de semillas. Tambien hay en Amazon un paquete de 15 sobres de polvo pH 4.00/6.86/9.18 con 3 ",amazon,amazon
OPC-306,F2-015,Amazon Mexico,Cubierto por el mismo kit de F2-013 (incluye EC 1413 uS/cm),459.36,verificado,2026-09-18,no,en linea,,https://hydrocultura.com/products/hi7031-023-gro-line-solucion-de-1413-us-de-230-ml,alternativa,"Kit Amazon: gratis. Hydrocultura: sin umbral, pero se consolida con el pedido de semillas. HANNA Mexico: envio GRATIS en compras mayores a $2,552 con IVA · TRES CAMINOS, elige por estrategia y no por precio suelto: (1) kit Amazon $494.62 por las tres partidas, cero envio, pero 50 ml c/u; (2) Hanna HI7031-023 230 ml $316 EN EL PEDIDO DE HYDROCULTURA, junto con brocoli, finas y albahaca: cero envio ",amazon,amazon
OPC-307,F2-016,UNIT Electronics,Sonda pH PH-4502C + electrodo E201C-BNC,318,aprox,2026-09-18,no,en linea,,https://uelectronics.com/producto/sensor-de-ph-liquido/,alternativa,"$0 adicional: viaja en el mismo pedido UNIT de $129 · Va en el PEDIDO 1 (UNIT). Amazon verificado hoy: modulo equivalente a $357.59 (ASIN B0CZ7V1D5C, Entrega GRATIS) y el kit Gravity DFRobot a $1,062.93 (ASIN B07L2RSHYN, Entrega GRATIS). UNIT sigue ganando $40 y ademas no abre un envio nuevo.",tienda_propia,unit
OPC-308,F2-017,UNIT Electronics,Sensor TDS Meter v1.0 analogico SEN0244,253,aprox,2026-09-18,no,en linea,,https://uelectronics.com/producto/sensor-tds-meter-v1-0-analogico-sen0244/,alternativa,"$0 adicional: viaja en el mismo pedido UNIT de $129 · Va en el PEDIDO 1 (UNIT). Amazon verificado: el SEN0244 original DFRobot Gravity a $379 (ASIN B086GX2539, Entrega GRATIS), $126 mas caro que UNIT.",tienda_propia,unit
OPC-309,F2-018,Kamoer,"Kamoer Black NKP - Bomba peristaltica 12 V CC de larga vida, dosificadora",175,verificado,2026-09-18,no,en linea,,https://www.amazon.com.mx/dp/B092Z9HR3D,alternativa,"GRATIS (Entrega GRATIS el 22-sep, leido en la ficha) · MEJORA IMPORTANTE SOBRE EL BOM: el BOM presupuestaba $225 c/u en ML ($900) y decia 'NO HAY MOSTRADOR'. Kamoer NKP a $175 con envio gratis baja la partida a $700: AHORRAS $200 y ademas es marca real de peristalticas, no generica. Version negra $175 (B092Z9HR3D) o la misma en $199 (B07GWJ78FN). Por ser vendedor extranjero llega en plazo separado",amazon,amazon
OPC-310,F2-019,UNIT Electronics,Valvula solenoide 12V 1/2 NC,128,aprox,2026-09-18,no,en linea,,https://uelectronics.com,alternativa,"$0 adicional: viaja en el mismo pedido UNIT de $129 · Va en el PEDIDO 1 (UNIT). AQUI UNIT GANA POR MUCHO: en Amazon la solenoide NC de 1/2 y 12 VDC mas barata verificada es Beduan de laton a $500.51 (ASIN B07N6246YB) y la RIH a $450 (ASIN B0FKZGWZCZ). Comprar estas 2 en Amazon te costaria $900-1,000 contra $256 en UNIT.",tienda_propia,unit
OPC-311,F2-020,UNIT Electronics,ESP32-CAM OV2640 V3 con interfaz tipo C,260,aprox,2026-09-18,no,en linea,,https://uelectronics.com/producto/esp32-cam-ov2640-v3-con-interfaz-tipo-c/,alternativa,"$0 adicional: viaja en el mismo pedido UNIT de $129 · Va en el PEDIDO 1 (UNIT). Amazon verificado: $382.08 (ASIN B0H6DBJBPP, Entrega GRATIS) y $399 (ASIN B0G1SGCRY4). UNIT es $120-140 mas barato.",tienda_propia,unit
OPC-312,F2-021,UNIT Electronics,Sensor de flujo de agua YF-S201,64,aprox,2026-09-18,no,en linea,,https://uelectronics.com,alternativa,$0 adicional: viaja en el mismo pedido UNIT de $129 · Va en el PEDIDO 1 (UNIT). Amazon verificado: el mas barato es $130.55 pero con envio de $30.35 aparte (ASIN B0H5JH5SBM); el primero con envio gratis cuesta $179.79 (ASIN B0G64VFVN2). UNIT lo da a menos de la mitad.,tienda_propia,unit
OPC-313,F2-022,Isla Urbana,Paquete Basico Tlaloc (tlaloque + filtro de hojas + axolote),5300,verificado,2026-09-18,no,en linea,,https://islaurbana.mx/product/paquete-basico-tlaloc/,alternativa,"No publicado. Tienda fisica en Coyoacan a 2 km: recoger. · NO SUMA AL TOTAL: es la misma funcion que F1-010, que ya se decide y se paga en Fase 1. Lo verifico aqui solo para cerrar la duda de existencia del producto. Si en Fase 1 elegiste el DIY de $1,500 y ahora quieres el Tlaloc, el delta real sigue siendo +$3,800 como dice tu BOM.",tienda_propia,presencial
OPC-314,F2-023,The Home Depot Mexico,Truwater portafiltro alto flujo 10 pulg con soporte + filtro sedimentador 2.5x10 5 micras + filtro carbon en block 2.5x10,1000,aprox,2026-09-18,no,en linea,,https://www.homedepot.com.mx/p/truwater-portafiltro-alto-flujo-10-con-soporte-1-tw-hf1010g-hd-135209,alternativa,"GRATIS dentro del pedido de Home Depot. · Toda la linea Truwater esta en Home Depot, incluidos los cartuchos de repuesto (sedimento 5 micras: .../truwater-filtro-sedimentador-25x10-5-micras-tw05-10-unit-135179; carbon en block: .../truwater-filtro-de-carbon-en-block-25x10-10-micras-tw-cb-unit-135186). Como el BOM avisa que los CARTUCHOS son consumible cada 4-6 meses, conviene meter un juego de rep",tienda_propia,homedepot
OPC-315,F2-024,Amazon Mexico,"Medidor pH + TDS/EC/Temperatura 4 en 1 con ATC, resolucion 0.01 pH, TDS 0-9990 ppm",239,aprox,2026-09-18,no,en linea,,https://www.amazon.com.mx/s?k=medidor+ph+ec+tds+hidroponia+digital,alternativa,"Entrega GRATIS · AHORRO CLARO: $239 contra $450 del BOM (-$211). DESCARTE IMPORTANTE: Hanna, que seria la marca seria, arranca en $4,412 (HI98131 en Hydrocultura) o $5,428.80 (HI98131 en hannainst.com.mx): 10x el presupuesto. Para el papel de ARBITRO que describe el BOM, el de $239 con ATC cumple, y lo que de verdad lo hace confiable es calibrarlo con estandares buenos, que es la partida siguiente",amazon,amazon
OPC-316,F2-026,Casa del Libro LATAM,"Cultivos hidroponicos 5a ed. - Howard M. Resh, Ediciones Mundi-Prensa, ISBN 9788484760054, 558 pag, 1.44 kg",899,verificado,2026-09-18,no,en linea,,https://latam.casadellibro.com/libro-cultivos-hidroponicos-5-ed-suelo-para-tecnicos-y-agricultores-profesionales-asi-como-para-los/9788484760054/796153,alternativa,"Casa del Libro: el envio sale DESDE ESPANA (entrega estimada 24 de septiembre) con promocion de 70% de descuento en envio a partir de compra minima; no es gratis y no consolida con nada mexicano. El Sotano: envio GRATIS desde $389, pero el libro esta AGOTADO. · TRES DATOS QUE IMPORTAN: (1) Casa del Libro dice ULTIMAS UNIDADES a $899, que es justo el precio del BOM, pero embarca desde Espana: pedid",tienda_propia,presencial
OPC-317,F2-027,Vendedor de Amazon Mexico,"Bateria de Litio LiFePO4 12V 100Ah Grupo 31, ciclo profundo, BMS 100A integrado, Bluetooth",4399,verificado,2026-09-18,no,en linea,,https://www.amazon.com.mx/dp/B0FHDQC567,alternativa,"GRATIS (Entrega GRATIS 2-7 oct, leido en la ficha). 'Envio en 2 a 3 dias' · Va en el PEDIDO 2 (Amazon) y te AHORRA los $158 de envio que el BOM tenia apartados en F2-032. ALTERNATIVA CON RESPALDO DE MARCA: Cyberpuerta tiene la Epcom LI100A12PRO a $4,519 con 1082 piezas en stock (verificado hoy en su buscador) - $120 mas cara y con envio aparte, pero es Epcom by Ritar distribuida por Syscom, con ga",amazon,amazon
OPC-318,F2-028,Vendedor de Amazon Mexico,"Bomba de agua sumergible DC 12 V, 800 L/h, silenciosa, para acuario",440,aprox,2026-09-18,no,en linea,,https://www.amazon.com.mx/dp/B0BX5GCNSD,alternativa,"GRATIS (Entrega GRATIS el 20-sep, leido en resultados de busqueda) · Va en el PEDIDO 2 (Amazon). CAMBIO TECNICO RECOMENDADO: el BOM pide bomba de diafragma 12 V para las 24/7 del NFT, y el diafragma no aguanta servicio continuo (la membrana es consumible). Para recircular 24/7 conviene sumergible brushless DC como esta. Opcion economica verificada: mini bomba brushless a $198.98 (ASIN B0D4VS4VCG, ",amazon,amazon
OPC-319,F2-031,Vendedores de Amazon Mexico,Caja de fusibles de cuchilla 12 V de 6-10 vias con LED ($318) + interruptor de desconexion PV DC 32 A 500 V MCB 2P en caja ($496),318,verificado,2026-09-18,no,en linea,,https://www.amazon.com.mx/dp/B07123ZFR3,alternativa,GRATIS en ambos (Entrega GRATIS el 20 y el 27-sep). La fusiblera la verifique en ficha: quedaban 3 en stock · Va en el PEDIDO 2 (Amazon). AQUI ESTA LA GRAN VENTAJA DE LA RUTA EN LINEA: el BOM marcaba esta partida como 'parcialmente presencial' porque el seccionador DC fotovoltaico no se consigue en Coyoacan y obligaba a un viaje de 22 km a Vallejo. En Amazon llega gratis a tu casa. El seccionador ,amazon,amazon
OPC-320,F2-037,The Home Depot Mexico,Vissani refrigerador 10.1 pies top mount 2 puertas acero inox platinado HVDR1000PM,8999,verificado,2026-09-18,no,en linea,,https://www.homedepot.com.mx/p/vissani-refrigerador-10-pies-top-mount-2-puertas-acero-inox-platinado-hvdr1000pm-231915,alternativa,"Un refrigerador no viaja por paquetería. Home Depot y Costco lo entregan a domicilio con su propio servicio: eso es entrega local, no paquetería · Refrigerador NUEVO Vissani 10.1 pies a $8,999. El BOM presupuesta $4,000 de uno USADO: en línea no hay mercado de usado con garantía. Para producto que se come crudo, nuevo se defiende",tienda_propia,presencial
OPC-321,F2-038,The Home Depot Mexico,Coleman hielera azul de plastico portatil 49.2 L para 80 latas (42 x 62 x 38 cm) - alternativa Coleman negra 51 L,1300,aprox,2026-09-18,no,en linea,,https://www.homedepot.com.mx/p/coleman-hielera-azul-de-plastico-portatil-de-492-l-para-80-latas-170795-170795,alternativa,"GRATIS dentro del pedido de Home Depot. · La hielera de 49.2 L cae justo en el rango 45-50 L que pide el BOM y conserva hielo hasta 3 dias. Los gel packs probablemente no esten en Home Depot: revisalos y si no, agregalos al pedido de Amazon o Mercado Libre en vez de abrir uno propio.",tienda_propia,homedepot
